Name,DOB,Mobile,Gender,Aadhaar,PAN,Submission Time,Device Info,IP Address,Is Genuine
Allison Hill,12-06-1979,(181)960-0133,Other,104332181960,AFNAF9928N,2025-03-14 04:01:56,Linux,28.95.100.218,1
Alyssa Gonzalez,04-05-2001,(379)402-6542x35116,Male,794026542351,CCWPU8527R,2025-02-02 22:00:45,Linux,193.254.14.89,1
Ryan Munoz,19-03-1967,001-781-618-4959x3103,Male,618495931034,ZWWJL6977F,2025-03-09 04:38:11,Windows 10,24.136.249.213,1
Victoria Wyatt,17-02-1971,(475)255-3419x2832,Female,534192832764,ZQORV1916H,2025-03-19 18:48:37,Windows 10,91.43.0.163,1
Devin Schaefer,27-02-2002,503.056.4139,Male,564139537672,GGOGP7543L,2025-01-08 15:54:47,iOS,21.198.76.172,1
Emily Rios,07-03-1991,+1-724-238-8496x9653,Male,287101226916,JZNZW1188V,2025-02-22 23:02:50,iOS,38.144.246.213,1
Matthew Parker,03-04-1993,(757)059-6401,Other,184514627048,TNCQV9317T,2025-03-07 03:58:18,Android,151.64.125.87,0
Shannon Smith,20-01-1972,+1-845-146-2704x82814,Male,252880957015,WVHBW2290C,2025-02-19 19:34:37,MacOS,162.143.78.60,1
Katie Gonzalez,13-09-1989,001-288-095-7015x43039,Other,718227824896,ZYTRS7537V,2025-04-03 12:09:36,Windows 10,92.11.6.8,1
Angelica Tucker,19-12-1968,001-822-782-4896x38346,Other,578713315098,FFBQF1514K,2025-01-04 09:05:14,iOS,79.26.140.93,1
Holly Reyes,09-11-2002,9275571928,Male,834738299737,UECLL8651X,2025-02-05 15:03:19,Linux,49.214.13.158,0
Mark Perez,24-05-1966,183-473-8299x73763,Male,106513338726,EMWBV2604B,2025-01-25 05:38:14,Linux,203.134.162.65,1
Kathryn Hughes,24-06-2002,447-394-7312,Other,801326773602,JZGUL7930W,2025-03-24 19:13:45,Android,75.12.205.67,0
Joel Baxter,21-05-1969,810.801.3267x736,Other,872343098050,BMXNB9320C,2025-03-29 06:04:26,Linux,178.207.46.133,1
Carmen Smith,28-10-1990,746-872-3430x980,Male,191361939909,CROIG6147H,2025-03-20 16:37:57,MacOS,148.116.32.66,1
Michelle Pierce,06-01-1984,225-831-3237x0589,Female,624751079911,NNDJB5002L,2025-02-05 19:37:31,iOS,20.39.21.252,0
Bradley Sandoval,20-09-2002,543.534.6247x51079,Female,278498084124,DCOHP6617G,2025-03-01 09:56:34,Linux,210.26.155.199,1
Zachary Higgins,12-01-2000,(691)251-7785x28922,Other,487401640052,QGTOL1158D,2025-02-12 00:04:25,Linux,8.226.248.149,0
Kristen Huynh,22-04-1971,(411)824-4935,Male,280598262045,XUWXF5088V,2025-03-22 17:16:51,Linux,73.203.1.98,1
Mark Baker,02-07-1997,016-400-5242x786,Male,586923226025,UKRTG3608Z,2025-01-30 12:39:41,Windows 10,109.41.158.80,1
Ashley Landry,26-05-1974,+1-059-826-2045,Other,160733754330,RKHBU6753U,2025-04-01 18:05:49,Windows 10,150.37.61.252,1
Kelly Campbell,16-08-1969,384-249-8182x992,Other,685014294019,LSIPN7311S,2025-01-17 14:55:34,Linux,149.155.143.47,0
Allison Doyle,11-11-1986,(342)160-7337x54330,Male,406088356159,IWSHI7691K,2025-03-23 19:14:13,Windows 10,209.81.118.182,1
Jennifer Ramirez,24-12-1968,001-458-685-0142x94019,Female,482366299468,VHFUP6279O,2025-03-22 02:56:23,iOS,210.153.96.172,1
Martin Ray,08-08-1978,001-969-078-4473x64710,Female,738721489513,RFFAG8784T,2025-01-16 08:21:14,Linux,31.126.252.58,0
Benjamin Beck,23-09-1986,+1-514-846-5648x236,Male,769367632016,FUSMO2988O,2025-02-15 02:13:43,Windows 10,102.147.29.226,1
Jamie Adkins,06-02-1976,+1-946-804-4369x957,Male,788957986872,TMGGQ9540P,2025-01-31 08:22:12,Android,218.55.215.1,1
Michael Dixon,21-10-1975,+1-148-951-3433x20037,Other,347143455812,DJDFK6421R,2025-03-13 06:48:33,Linux,197.97.168.209,1
Bianca Wood,23-06-2002,537-147-3210,Female,603669096705,HKXVN9947Z,2025-01-29 04:14:34,MacOS,207.88.87.7,0
Melissa Marshall,10-03-2002,172.788.9579,Other,373467065627,XZNXP1444C,2025-01-25 02:30:42,Android,203.84.113.9,1
Stephanie Simmons,16-07-2001,277.434.8734x714,Other,627204653755,TJTVG2341P,2025-03-20 23:32:26,Windows 10,52.3.133.112,1
George Orozco,27-09-1969,(236)231-6658,Male,805310033092,GMCYM5198Y,2025-01-19 10:20:43,MacOS,191.241.202.144,1
Antonio Wall,05-10-1990,001-909-670-5466x88937,Female,299124190496,KSBRQ2669W,2025-02-19 23:23:44,Android,25.223.144.73,1
Jeffrey Johnson,17-02-1987,+1-627-298-0699x01627,Female,919058651850,WVCYQ8532W,2025-02-18 06:57:24,Android,89.42.225.70,1
David Murphy,14-03-1995,564-641-7080x53100,Male,628498776945,WVCWG8613S,2025-02-19 01:46:15,Linux,23.180.12.142,1
Harry Williams,07-12-1997,+1-748-016-2456x506,Other,650752735454,WSHAY2402H,2025-01-05 23:12:21,Windows 10,140.117.59.130,0
Dylan Hughes,26-11-1994,001-849-912-1655x85239,Other,678377701436,RHPMN7971X,2025-02-19 10:20:29,Linux,34.147.137.84,0
Rebecca Knight,19-01-1967,(865)185-0671x657,Other,557444313518,YRETH9595T,2025-01-05 09:33:52,iOS,85.80.137.247,1
Kelly Hernandez,03-05-1999,(595)269-4958,Female,134352408240,ZOSDW9042D,2025-03-22 10:03:14,MacOS,15.214.105.113,0
Mary Rogers,23-11-1997,273-545-4948x08313,Male,947775204711,KBQBD5978C,2025-03-10 19:29:00,iOS,1.243.37.31,1
Isabella Nunez,08-08-1992,001-409-749-9309,Male,186999386774,WZHQP2625Y,2025-02-16 15:31:36,MacOS,110.21.66.118,0
Michael Johnson,26-09-1971,075.626.3689,Male,341232812067,RMAHH8438C,2025-03-31 08:58:09,iOS,17.254.53.83,0
Destiny Lawrence,16-12-1999,+1-413-435-2408x240,Other,349361832421,BUPVX8195D,2025-03-10 12:34:31,iOS,77.69.22.36,1
Kristen Terry,06-11-1972,+1-710-947-7752x0471,Female,464887719065,PAFRW1339Y,2025-02-24 10:57:39,Android,62.157.161.85,1
Emily Thompson,14-07-2000,854-973-3484x34437,Other,490278742967,ZMKIC3634K,2025-01-31 18:45:30,iOS,24.192.42.5,0
Courtney Mills,30-11-1994,496.499.0913x341,Female,746807154516,WVAWM1888G,2025-01-28 22:35:52,Android,88.76.232.211,1
Jennifer Reed,23-03-1974,041-574-7338x4842,Other,597703482477,DZPGE1224R,2025-01-11 14:30:58,iOS,143.80.101.191,0
Michael Schmidt,07-02-1980,1657120826,Female,131712748467,ZGOJX9327X,2025-03-05 09:21:01,Android,207.206.59.157,0
Melissa Bender,25-04-1998,+1-771-906-5940,Male,146584044997,WLMIT7180O,2025-02-16 08:32:08,MacOS,146.98.57.6,1
Vernon Huff,26-05-2003,001-049-027-8742,Female,339636057662,MANPW8213D,2025-02-01 04:22:29,iOS,35.201.81.223,1
Jessica Olsen DVM,29-03-1996,(655)125-6746x807,Other,702621745961,WWWJI8994R,2025-03-30 03:38:47,iOS,183.110.89.13,1
David Wilson,05-10-1991,087.603.8597x70348,Male,913431611724,XBUHJ3385H,2025-02-21 22:59:42,Linux,177.49.140.22,1
Dwayne Gilmore,29-03-1997,093-248-0861,Other,692221969379,DLGGA8622J,2025-03-30 15:58:46,MacOS,221.95.80.81,1
Casey Gillespie,10-04-1991,240.049.9154x7887,Other,821759464743,ZWCJJ5847W,2025-03-28 08:07:33,MacOS,207.190.129.172,0
Robert Rivera,27-06-1995,+1-420-549-3296x6851,Female,064090974395,FEGTT3240U,2025-02-08 22:00:32,Android,139.211.116.134,0
Mr. Phillip Bennett,25-02-1986,396.360.5766,Male,047095214562,FUWJN5465F,2025-01-14 15:38:57,iOS,23.240.0.112,1
James Griffin,05-06-1982,499-045-3017x42684,Female,745171236851,UANLR5295S,2025-03-09 00:29:35,Windows 10,82.225.229.103,0
Matthew Moore,16-03-1996,596-158-6578x091,Female,513709859317,XHKDY5986P,2025-02-05 16:26:21,MacOS,142.6.51.244,1
Michael Mitchell,27-09-1979,001-161-172-4005x0455,Male,138267586926,RVQYH7070G,2025-04-03 22:48:42,MacOS,73.205.202.212,1
David Jenkins,05-07-1976,(219)693-7923,Female,735158506431,YVCFQ1349B,2025-02-14 04:10:37,Linux,187.244.188.21,1
David Scott,23-11-1964,482.175.9464x743,Female,329318393352,UPHZZ9850I,2025-02-10 08:59:25,Linux,158.34.12.22,1
Dr. Ashley James MD,22-05-1984,001-406-409-0974x395,Male,102053950240,DKCBL6931Q,2025-03-15 12:45:16,Android,5.191.78.151,1
Connor King,25-07-1973,+1-104-709-5214x5623,Other,178390847007,WLCSL2323K,2025-03-15 23:15:41,Linux,113.79.87.61,1
Joshua Mata,19-05-2000,424.745.1712x36851,Other,212499856984,LPCSW4522N,2025-02-21 00:31:09,Windows 10,27.147.189.220,1
Alexis Herrera,16-03-1995,(496)513-7098x593,Female,365766156545,YRMCC8075D,2025-01-08 13:59:33,Linux,211.151.54.231,1
Madison Marshall,26-10-1984,+1-612-004-7113x8267,Other,528098851656,WSZPJ9313G,2025-01-06 23:54:24,Android,173.158.4.95,1
Travis Horton,06-01-2001,(926)179-6405x37735,Male,731585149368,ZVPQA5381A,2025-02-25 14:29:29,MacOS,5.80.248.219,1
Michael Stephens,30-08-1988,6431713900,Male,445502296120,CNJLE6105X,2025-02-01 20:34:10,MacOS,169.184.142.59,1
Dana Martinez,04-09-2002,183.933.5290,Female,991022901476,MLHTC8043D,2025-01-12 06:51:31,Android,159.72.245.30,1
William Huerta,07-01-2001,210-205-3950x240,Female,978403690034,YTTHD9149X,2025-01-09 19:54:33,Linux,222.65.100.233,1
Jody Palmer,05-05-1995,001-087-406-4039,Female,226838851606,AXWOO7843J,2025-01-08 02:10:16,Android,86.12.194.204,0
John Morales,09-08-1971,711.592.1249x9856,Male,605297516136,PNKII6456Y,2025-03-10 00:00:54,MacOS,67.219.58.111,1
Kerry Chavez DDS,03-01-1971,001-183-673-6576x615,Male,181883552312,GEDTB9095O,2025-04-01 17:44:08,Android,223.27.53.17,1
Jason Mack,11-11-1992,(676)618-2512x868,Other,979955271774,UPJBM1616B,2025-01-13 08:44:24,iOS,183.32.71.59,0
Jennifer Russo,14-01-1993,001-049-451-9832x7315,Female,411998679807,XOEPN2013O,2025-03-23 01:16:31,Windows 10,65.116.126.216,1
Julie Ball,12-02-1993,+1-633-752-4310,Male,518203778892,JXKUR1857Z,2025-03-20 14:13:15,Windows 10,129.0.87.59,0
Phillip Dorsey,22-02-1988,2296120183,Other,515186449251,PDJZS7421E,2025-01-24 08:47:35,Android,102.103.81.119,1
Jesse Moore,18-06-1985,001-599-102-2901x4767,Other,148652816850,JEFYM4711E,2025-02-27 15:59:24,Windows 10,67.29.131.74,1
Andrew Gonzales,26-12-2000,028.439.5995,Male,141888059296,EESQX8170B,2025-01-24 00:01:35,Android,41.43.45.200,0
Kyle Smith,07-10-1984,244.510.7622,Female,537947383473,JYZMH7256Q,2025-03-06 02:24:23,Android,14.157.241.78,1
Antonio Fry,04-03-1976,+1-687-056-8566x2462,Other,623924075818,WHTHX3414N,2025-03-15 05:55:00,Windows 10,5.237.128.186,0
Elizabeth Zimmerman,07-10-1995,8668826343,Male,375060685361,JAYVQ3392E,2025-02-02 01:34:06,MacOS,156.201.78.168,0
Anna Hardy,21-03-1977,4699013983,Male,472779010432,OSNCH5934D,2025-02-16 13:04:10,Android,101.170.122.76,0
Terry Lewis,10-03-1977,001-173-936-3854x6785,Male,369711798089,GDLPG7825F,2025-01-30 22:40:33,iOS,123.250.108.132,0
Robert Bowen,18-01-1986,556.093.2048,Other,185188888067,BKJTJ2106L,2025-04-01 18:08:40,Windows 10,154.185.153.96,0
Julie Spencer,18-01-1967,935.978.2071x518,Male,195205852772,VBULH1717Z,2025-01-29 15:50:52,Linux,109.71.32.210,1
Amanda Zimmerman,27-02-1994,892.554.6659x05151,Male,054868740345,WBRHU8159M,2025-01-23 07:58:56,iOS,47.186.10.96,1
Jasmine King,28-06-1974,192-546-2914x86528,Other,765277584161,LZEHC6372V,2025-02-18 11:27:24,Linux,6.179.84.231,1
Michael Romero,01-07-1965,(423)573-3221x418,Female,479627570596,HZYBQ6952Q,2025-01-25 23:36:53,Android,191.162.200.180,1
Maria Henry,15-09-1975,001-522-872-8080x1006,Other,202970213556,YADLJ8273Y,2025-01-14 08:22:42,MacOS,170.236.252.224,0
Lisa Goodwin,22-10-1994,834.735.9774,Male,928565431027,NXDUS4515T,2025-01-07 14:22:36,Windows 10,128.149.198.20,1
Kathryn Barnes,14-04-1975,924.075.8181,Female,731217271551,OHHES3852Z,2025-01-22 05:39:13,MacOS,13.248.161.75,1
Phillip Nelson,11-03-1999,(613)750-6068,Female,831323705895,MZDWB7523W,2025-01-06 20:51:32,Android,158.236.209.30,1
James Miller,15-07-1979,5152204727,Other,786691251778,IWUQE3114N,2025-03-06 00:14:37,iOS,16.54.43.29,1
Jennifer Smith,14-12-1982,+1-408-621-1823,Other,018242253584,VGQOD5961T,2025-01-19 15:14:02,Linux,144.39.158.160,0
Jason Bauer,13-05-1995,179-808-9324,Other,182992299590,VABQO4453Y,2025-03-21 03:35:13,Android,57.102.192.65,1
Lucas Allen,08-08-1992,(185)188-8880,Other,690784473647,BBLMF3353K,2025-01-08 16:07:41,MacOS,57.252.90.99,1
David Terry,01-09-1984,+1-101-666-8700x21765,Other,556258815371,GGCHJ7850H,2025-02-24 22:32:29,Linux,193.48.211.68,0
Carrie Maxwell,16-11-1995,001-722-170-4303x054,Male,595327877470,CKLGP1797B,2025-03-28 21:00:52,MacOS,8.174.74.193,1
Virginia Daniels,30-06-1981,3450541566,Female,797480162456,JKOFO2204M,2025-01-23 07:23:41,Android,101.243.116.198,1
