Name,DOB,Mobile,Gender,Aadhaar,pan
Allison Hill,12-06-1979,1234567890,Other,104332181960,AFNAF9928N
Alyssa Gonzalez,04-05-2001,1234567891,Male,794026542351,CCWPU8527R
Ryan Munoz,19-03-1967,7539514863,Male,618495931034,ZWWJL6977F
Victoria Wyatt,17-02-1971,9532476254,Female,534192832764,ZQORV1916H
Devin Schaefer,27-02-2002,9351473528,Male,564139537672,GGOGP7543L
Emily Rios,07-03-1991,4646812152,Male,287101226916,JZNZW1188V
Brenda Snyder PhD,20-09-1971,8749635214,Other,184514627048,TNCQV9317T
Shannon Smith,20-01-1972,7896542894,Male,252880957015,WVHBW2290C
Katie Gonzalez,13-09-1989,9853214569,Other,718227824896,ZYTRS7537V
Angelica Tucker,19-12-1968,7895263410,Other,578713315098,FFBQF1514K
Marie Kim DDS,28-06-1972,9517539875,Male,834738299737,UECLL8651X
Mark Perez,24-05-1966,1593571436,Male,106513338726,EMWBV2604B
Matthew Gomez,26-03-1992,7891234565,Other,801326773602,JZGUL7930W
Joel Baxter,21-05-1969,9874123698,Other,872343098050,BMXNB9320C
Carmen Smith,28-10-1990,8529637415,Male,191361939909,CROIG6147H
Amy Silva,23-06-1998,7200182623,Female,624751079911,NNDJB5002L
Bradley Sandoval,20-09-2002,8056185108,Female,278498084124,DCOHP6617G
Dr. Angel Lewis MD,03-01-1988,7037047373,Other,487401640052,QGTOL1158D
Kristen Huynh,22-04-1971,8065396752,Male,280598262045,XUWXF5088V
Mark Baker,02-07-1997,8094612365,Male,586923226025,UKRTG3608Z
Ashley Landry,26-05-1974,9090876556,Other,160733754330,RKHBU6753U
Rebecca Valencia,09-08-1988,8495359632,Other,685014294019,LSIPN7311S
Allison Doyle,11-11-1986,9870453767,Male,406088356159,IWSHI7691K
Jennifer Ramirez,24-12-1968,9838410563,Female,482366299468,VHFUP6279O
Nicholas Edwards,22-01-1999,9098791235,Female,738721489513,RFFAG8784T
Benjamin Beck,23-09-1986,9376109763,Male,769367632016,FUSMO2988O
Jamie Adkins,06-02-1976,8102837465,Male,788957986872,TMGGQ9540P
Michael Dixon,21-10-1975,7018273845,Other,347143455812,DJDFK6421R
Patricia Gibson,07-06-2003,8102847275,Female,603669096705,HKXVN9947Z
Melissa Marshall,10-03-2002,7102837435,Other,373467065627,XZNXP1444C
Stephanie Simmons,16-07-2001,9273738353,Other,627204653755,TJTVG2341P
George Orozco,27-09-1969,9182794857,Male,805310033092,GMCYM5198Y
Antonio Wall,05-10-1990,8325639574,Female,299124190496,KSBRQ2669W
Jeffrey Johnson,17-02-1987,8796543682,Female,919058651850,WVCYQ8532W
David Murphy,14-03-1995,9806753432,Male,628498776945,WVCWG8613S
Christina Smith,17-08-1974,9806875764,Other,650752735454,WSHAY2402H
Nicole Wilson,27-05-1975,8970612345,Other,678377701436,RHPMN7971X
Rebecca Knight,19-01-1967,9087698087,Other,557444313518,YRETH9595T
Jessica Gross,20-08-1982,8123432187,Female,134352408240,ZOSDW9042D
Mary Rogers,23-11-1997,9600017262,Male,947775204711,KBQBD5978C
Katherine Chang,27-08-1996,9834523187,Male,186999386774,WZHQP2625Y
Zachary Pierce,13-03-1988,8712329754,Male,341232812067,RMAHH8438C
Destiny Lawrence,16-12-1999,9000356543,Other,349361832421,BUPVX8195D
Kristen Terry,06-11-1972,9546378654,Female,464887719065,PAFRW1339Y
Jennifer Jones,27-11-1967,7120909073,Other,490278742967,ZMKIC3634K
Courtney Mills,30-11-1994,8657453209,Female,746807154516,WVAWM1888G
Christopher Jones,09-06-1964,8679452361,Other,597703482477,DZPGE1224R
Danny Hernandez,02-05-1982,8787654987,Female,131712748467,ZGOJX9327X
Melissa Bender,25-04-1998,7899546367,Male,146584044997,WLMIT7180O
Vernon Huff,26-05-2003,7241659075,Female,339636057662,MANPW8213D
Jessica Olsen DVM,29-03-1996,9452863094,Other,702621745961,WWWJI8994R
David Wilson,05-10-1991,9148726394,Male,913431611724,XBUHJ3385H
Dwayne Gilmore,29-03-1997,8242753957,Other,692221969379,DLGGA8622J
Ryan Wilson,01-04-1972,9123974532,Other,821759464743,ZWCJJ5847W
Katie Suarez,03-01-1969,9992637756,Female,64090974395,FEGTT3240U
Mr. Phillip Bennett,25-02-1986,8866385630,Male,47095214562,FUWJN5465F
Rebecca Pearson MD,11-10-1966,8747000124,Female,745171236851,UANLR5295S
Matthew Moore,16-03-1996,9992017467,Female,513709859317,XHKDY5986P
Michael Mitchell,27-09-1979,9324586740,Male,138267586926,RVQYH7070G
David Jenkins,05-07-1976,9375823573,Female,735158506431,YVCFQ1349B
David Scott,23-11-1964,8202037573,Female,329318393352,UPHZZ9850I
Dr. Ashley James MD,22-05-1984,9028573073,Male,102053950240,DKCBL6931Q
Connor King,25-07-1973,6383211837,Other,178390847007,WLCSL2323K
Joshua Mata,19-05-2000,8667734875,Other,212499856984,LPCSW4522N
Alexis Herrera,16-03-1995,9574386074,Female,365766156545,YRMCC8075D
Madison Marshall,26-10-1984,9573874963,Other,528098851656,WSZPJ9313G
Travis Horton,06-01-2001,9437677659,Male,731585149368,ZVPQA5381A
Michael Stephens,30-08-1988,6431713900,Male,445502296120,CNJLE6105X
Dana Martinez,04-09-2002,9226790847,Female,991022901476,MLHTC8043D
William Huerta,07-01-2001,8992473947,Female,978403690034,YTTHD9149X
Jason Wilson,31-07-1968,9926484769,Female,226838851606,AXWOO7843J
John Morales,09-08-1971,8820164683,Male,605297516136,PNKII6456Y
Kerry Chavez DDS,03-01-1971,9112982574,Male,181883552312,GEDTB9095O
Maurice Brooks,23-08-1974,9274659485,Other,979955271774,UPJBM1616B
Jennifer Russo,14-01-1993,9750265836,Female,411998679807,XOEPN2013O
Holly Farmer,29-04-2003,8279047687,Male,518203778892,JXKUR1857Z
Phillip Dorsey,22-02-1988,7793760358,Other,515186449251,PDJZS7421E
Jesse Moore,18-06-1985,9397634879,Other,148652816850,JEFYM4711E
Jennifer Lewis,14-02-1999,9922746093,Male,141888059296,EESQX8170B
Kyle Smith,07-10-1984,8811480734,Female,537947383473,JYZMH7256Q
Michael Mason,10-05-1988,9090876987,Other,623924075818,WHTHX3414N
Mark Roberts,27-10-1991,8800532784,Male,375060685361,JAYVQ3392E
Kelly Foster,15-05-1985,9911337698,Male,472779010432,OSNCH5934D
David Thompson,29-08-1974,8823875595,Male,369711798089,GDLPG7825F
Eric Hill,30-01-1968,9900873525,Other,185188888067,BKJTJ2106L
Julie Spencer,18-01-1967,9879879878,Male,195205852772,VBULH1717Z
Amanda Zimmerman,27-02-1994,6546546542,Male,54868740345,WBRHU8159M
Jasmine King,28-06-1974,3213213213,Other,765277584161,LZEHC6372V
Michael Romero,01-07-1965,7897897897,Female,479627570596,HZYBQ6952Q
Sandy Stephenson,29-10-1966,4564564564,Other,202970213556,YADLJ8273Y
Lisa Goodwin,22-10-1994,1231231231,Male,928565431027,NXDUS4515T
Kathryn Barnes,14-04-1975,7777777777,Female,731217271551,OHHES3852Z
Phillip Nelson,11-03-1999,8888888888,Female,831323705895,MZDWB7523W
James Miller,15-07-1979,9999999999,Other,786691251778,IWUQE3114N
Aaron Miller,03-09-1981,7777788888,Other,18242253584,VGQOD5961T
Jason Bauer,13-05-1995,9999988888,Other,182992299590,VABQO4453Y
Lucas Allen,08-08-1992,4444455555,Other,690784473647,BBLMF3353K
John Reid,29-08-1989,9000090000,Other,556258815371,GGCHJ7850H
Carrie Maxwell,16-11-1995,8989898989,Male,595327877470,CKLGP1797B
Virginia Daniels,30-06-1981,9569569569,Female,797480162456,JKOFO2204M
